customer_id,tipo_id,dni,name,last_name1,last_name2,birthday,phone,registration_date,account_status,is_premium
1001,CC,1181165722,Luis,Álvarez,Medina,2002-07-06,+57 300 133 8908,2023-04-13,active,false
1002,CC,606724164,Mario,Arango,Rodríguez,1998-10-20,+57 303 161 5594,2024-12-27,active,false
1003,CC,1523056504,Martín,Hernández,Escobar,2004-01-15,+57 313 131 6475,2024-05-18,active,false
1004,CC,1002696249,Arley,Bedoya,Franco,1983-09-22,+57 325 503 0564,2024-05-01,active,false
1005,CC,578825839,Ferney,Montoya,Ocampo,1999-10-04,+57 351 969 6532,2024-07-29,active,true
1006,CC,1015129473,Sandra,Gutiérrez,Bedoya,1974-10-02,+57 325 184 5146,2023-03-02,active,true
1007,CE,5107072,Giovanny,León,Uribe,1954-05-24,+57 304 528 8095,2024-03-20,active,true
1008,CC,1053656560,Janeth,Zapata,Cortés,1956-01-03,+57 304 278 2489,2026-02-01,active,false
1009,CC,1941906533,Libardo,Botero,Zapata,1974-06-21,+57 311 315 0983,2023-10-12,active,true
1010,CC,1052419699,FFelipe,Aguilar,,1994-05-07,+57 351 997 3763,2023-11-04,active,false
1011,CC,874622621,Yesenia,Navarro,Sánchez,1961-08-17,+57 311 338 7262,2023-09-18,active,false
1012,CC,210280283,Manuel,Carvajal,,1948-10-08,+57 317 773 6026,2024-01-13,active,false
1013,CC,1552770021,Duván,Bermúdez,Duque,1976-11-19,+57 313 309 8050,2024-03-01,active,false
1014,CC,155944840,Arturo,Ortiz,,1964-10-09,+57 303 939 9091,2025-05-13,active,false
1015,CC,654238817,Raúl,Herrera,Montoya,1978-08-30,+57 300 799 1183,2023-07-05,active,true
1016,CC,1743233928,Ana,Valencia,Ortiz,1966-05-13,+57 325 841 2411,2023-02-23,active,false
1017,CC,1954195299,Isabella,Hoyos,Bedoya,1950-01-11,+57 324 640 0524,2023-08-15,active,false
1018,CC,87369839,Armando,García,,1954-08-02,+57 317 204 5053,2023-12-07,active,false
1019,CE,3070445,Margarita,Caicedo,Rangel,1951-07-11,+57 305 563 4216,2023-03-29,inactive,false
1020,CC,608295509,Zulay,Bermúdez,Aguilar,1953-01-02,+57 315 868 5014,2024-08-31,active,false
1021,PA,DX27095,Marcela,Contreras,Tobón,1961-10-29,+57 317 159 5148,2025-02-21,active,false
1022,CC,1948760147,Yolanda,Carvajal,,1996-04-21,+57 316 804 4369,2024-10-15,active,false
1023,CC,1369230139,Karen,Muñoz,Álvarez,1968-08-19,+57 311 433 2003,2023-08-17,suspended,false
1024,CC,533952602,Enrique,Galindo,Prieto,1999-02-05,+57 317 328 7083,2023-09-13,inactive,true
1025,CE,8568772,Teresa,Henao,Cifuentes,1980-05-02,+57 305 774 3487,2025-08-08,active,false
1026,CC,832562025,Milena,Cortés,Montoya,1963-11-21,+57 302 665 8760,2024-04-20,active,false
1027,CC,765396286,Yeison,Duque,,1988-07-22,+57 321 893 7346,2025-06-14,active,false
1028,CC,1957614909,Anderson,Rincón,Navarro,1982-04-25,+57 302 627 2046,2023-04-03,active,false
1029,CC,1168393599,Vanessa,Castaño,Galindo,2004-08-11,+57 324 100 3309,2024-05-11,active,true
1030,CC,1616158111,Freddy,Muñoz,Parra,1962-12-11,+57 313 190 4966,2024-01-08,inactive,false
1031,CC,269963764,Emiro,Valencia,,1957-04-23,+57 315 865 1850,2023-05-02,active,false
1032,CC,1406846668,Constanza,Gil,Bermúdez,1990-05-08,+57 318 694 5314,2025-10-24,inactive,false
1033,CC,771980803,Dora,Henao,Martínez,1956-09-27,+57 312 948 0831,2025-01-04,active,false
1034,CC,485874654,Álvaro,Botero,Hoyos,1982-10-06,+57 325 957 8856,2024-10-26,suspended,false
1035,CC,1160759088,Olga,Arias,Aguilar,1947-11-05,+57 310 749 8941,2024-03-05,active,false
1036,CC,1507692434,Carmen,García,Rojas,1947-12-05,+57 303 094 7775,2025-11-08,active,true
1037,CC,335831273,Gonzalo,Castro,Rincón,1998-04-25,+57 302 318 6999,2024-10-21,active,false
1038,CC,1599329690,Sara,Mejía,Peña,2001-10-23,+57 312 123 2812,2024-04-14,active,false
1039,CC,511273795,Mateo,González,Mesa,1948-09-24,+57 317 183 2421,2024-03-18,active,false
1040,CE,8496529,Freddy,Cardona,Navarro,1973-05-30,+57 302 906 5940,2025-07-22,active,false
1041,CC,1634074950,Wilmer,Beltrán,Uribe,1996-06-11,+57 324 742 9671,2026-01-04,active,false
1042,CC,1643160830,Marcela,Ortiz,Botero,1973-01-19,+57 302 545 1680,2025-08-26,active,false
1043,CC,583498908,Martha,Trujillo,Villegas,1972-12-01,+57 318 710 9324,2024-09-18,active,false
1044,CE,4996624,Nubia,Castro,Vargas,1975-09-21,+57 319 737 8263,2025-06-06,inactive,false
1045,CC,15508852,Santiago,Castaño,Galindo,1989-09-07,+57 304 787 5588,2025-11-05,active,false
1046,CC,1025708756,Arley,Cortés,Aguilar,1962-07-27,+57 325 270 2895,2025-04-07,inactive,false
1047,NIT,820086555,Gladys,Bermúdez,,1977-09-24,+57 323 615 8657,2024-12-31,inactive,true
1048,CC,1370963095,Helena,Bedoya,Aguilar,1962-12-18,+57 305 400 5045,2025-08-03,active,true
1049,CC,1477020341,Freddy,Bedoya,Reyes,1992-05-28,+57 311 747 4074,2023-11-27,active,false
1050,CC,836122448,Stella,Beltrán,Peña,1953-06-04,+57 311 695 9440,2023-09-13,suspended,false
1051,CC,1949037969,Consuelo,Bedoya,Sánchez,1989-10-12,+57 311 394 2104,2025-01-28,active,true
1052,CC,1168369334,Luz,Díaz,Giraldo,1951-08-04,+57 320 424 7451,2026-01-29,active,true
1053,CC,1707976594,Mario,Aristizábal,Velásquez,1983-01-31,+57 321 175 4965,2024-08-01,active,false
1054,CC,1515551759,Margarita,Giraldo,Medina,1988-07-12,+57 304 004 7113,2023-10-03,inactive,true
1055,CC,900957740,Yuliana,Rangel,Niño,1966-12-19,+57 323 640 5377,2025-11-05,suspended,false
1056,CC,272335998,Stephany,Bernal,Caballero,1947-06-20,+57 325 390 0532,2023-08-13,active,false
1057,CE,147572,Hugo,Herrera,Aguilar,1990-11-25,+57 321 421 0205,2023-10-31,active,false
1058,CC,1032730420,Gloria,León,,1979-08-06,+57 322 178 3908,2025-12-24,active,false
1059,CC,183496238,Elizabeth,Rincón,Jiménez,1987-11-24,+57 304 499 8569,2023-06-21,active,false
1060,CC,1868630607,Diego,Duque,,1994-07-02,+57 311 657 6615,2025-08-19,active,false
1061,CC,1608992631,Mónica,Bedoya,Torres,1960-07-31,+57 321 098 8516,2023-10-31,active,false
1062,CC,342280517,Giovanny,Sánchez,Contreras,1965-06-05,+57 303 585 1493,2024-05-11,active,false
1063,CC,1499218035,Deiby,Vásquez,Caballero,1991-01-24,+57 312 455 0229,2024-02-11,active,true
1064,CC,679236148,Luis,Díaz,Muñoz,1961-08-24,+57 301 229 0147,2023-07-30,active,false
1065,CC,1283746096,Viviana,Muñoz,Castro,1976-05-13,+57 301 369 0034,2024-10-30,inactive,false
1066,CC,1153711883,Mateo,Giraldo,,1962-10-13,+57 321 516 0607,2025-11-27,inactive,false
1067,NIT,846136855,Wilmer,Rincón,Galindo,1956-06-16,+57 302 613 6968,2025-02-17,active,false
1068,CC,1955454253,Mario,Duarte,Gómez,1958-08-13,+57 351 231 2432,2025-01-26,active,false
1069,CC,1904183999,Javier,Escobar,Villegas,1971-08-26,+57 304 717 7449,2024-11-15,active,false
1070,CE,1614923,Angélica,González,,1968-05-23,+57 318 980 7935,2025-04-04,active,false
1071,CC,94057080,Ramón,Jiménez,Ríos,1992-06-27,+57 320 892 5546,2025-07-25,active,false
1072,CC,551156828,Jhonatan,Escobar,Torres,1961-11-22,+57 302 925 4629,2024-12-20,active,true
1073,PA,XC4331294,William,Duarte,Henao,1993-11-28,+57 302 418 8805,2023-12-21,inactive,false
1074,CE,7442941,Mauricio,Ortiz,,2005-07-11,+57 325 379 4738,2024-07-18,active,false
1075,CC,830064813,Sergio,Bernal,Prieto,1975-05-13,+57 305 392 4075,2025-06-13,active,true
1076,CC,1794659237,Fernando,Cardona,,1980-12-22,+57 318 506 0685,2024-05-06,active,false
1077,CC,626068813,Camila,Montoya,Hoyos,1949-06-10,+57 350 779 0104,2023-11-18,active,true
1078,CC,1382138392,Elías,Barrera,Cardona,1957-06-17,+57 303 798 0893,2023-06-15,active,false
1079,NIT,818167529,Pilar,Cortés,Flores,1946-05-14,+57 320 806 7065,2025-12-12,active,true
1080,CC,296494927,Esteban,Cortés,Escobar,2005-08-10,+57 314 277 2217,2025-02-19,active,false
1081,CC,88642496,Daniel,Montoya,Villamizar,1959-11-02,+57 315 054 1566,2024-09-14,active,false
1082,CC,1571395250,Rosa,Ocampo,Bernal,1980-12-28,+57 323 284 5115,2025-07-07,active,false
1083,CE,7397090,Jaime,Reyes,Suárez,1991-01-09,+57 325 658 2029,2023-07-10,active,false
1084,CC,806640220,Alejandra,Caballro,Pineda,1984-06-24,+57 322 285 6543,2023-07-14,suspended,true
1085,CC,1323996249,Flor,Pineda,Vargas,1989-05-31,+57 303 217 2715,2024-03-22,active,false
1086,CC,786298547,Mateo,Mejía,Hoyos,1975-10-16,+57 310 237 0589,2023-10-13,active,false
1087,CC,892175801,Jacobo,Díaz,,1958-07-13,+57 304 517 7852,2023-07-08,inactive,false
1088,CC,357821401,Gustavo,Rojas,Ramírez,1987-10-15,+57 320 414 3842,2025-01-15,active,false
1089,CC,1309525911,Fanny,Reyes,Padilla,1986-04-25,+57 300 109 4396,2023-05-02,active,true
1090,CC,648734377,Darío,Ospina,Mejía,1979-01-01,+57 305 767 7359,2023-06-09,active,false
1091,CC,1011742212,Stella,Rincón,,2000-09-23,+57 311 210 4696,2025-08-15,active,false
1092,CC,1081078308,Rocío,Prieto,Rivera,1951-09-03,+57 300 168 7339,2025-11-21,active,true
1093,CC,1905059263,Nubia,Forero,Cardona,1991-08-04,+57 315 060 9835,2025-05-12,active,true
1094,NIT,905737723,Reinaldo,Carvajal,Vásquez,1984-08-17,+57 304 398 6800,2025-02-24,active,false
1095,CE,5444047,Rubén,Bermúdez,,1997-07-20,+57 322 588 8794,2024-10-11,active,true
1096,CC,580222261,Sandra,Galindo,Palacio,1946-04-17,+57 351 097 2896,2024-05-18,active,false
1097,CC,447854051,Wendy,Castro,,1981-05-26,+57 351 028 3857,2025-09-29,active,false
1098,CC,1498878992,Inés,Ríos,Aristizábal,1991-06-05,+57 311 484 3443,2024-03-06,active,false
1099,CE,6719156,Margarita,Palacio,Vargas,1955-08-15,+57 313 041 5747,2023-12-03,active,false
1100,CC,1448457486,Margarita,Duque,Jiménez,1950-05-12,+57 324 301 6571,2024-05-14,active,true
1101,NIT,886212799,Jorge,Caicedo,Molina,1990-01-07,+57 324 938 0262,2023-08-09,inactive,true
1102,CC,90458013,Duván,Ocampo,,2007-09-08,+57 323 154 7887,2026-01-30,inactive,true
1103,CC,409859461,Óscar,Rivera,Duarte,2007-08-19,+57 322 329 6685,2025-11-01,active,false
1104,CC,717864947,Particia,Echeverri,Valencia,1988-04-14,+57 312 530 1742,2023-03-02,active,false
1105,CC,480575081,Didier,Zapata,Gil,1946-12-01,+57 304 795 6878,2025-10-13,active,false
1106,CC,1979768004,Edgardo,Villegas,Hernández,1971-12-12,+57 321 839 8225,2023-06-13,inactive,false
1107,CC,902117479,Ferney,Padilla,Villamizar,1978-04-25,+57 321 740 6403,2023-06-05,active,true
1108,CC,396506950,Ana,Niño,Torres,1958-11-30,+57 315 676 6182,2025-06-16,active,false
1109,CC,650729647,Inés,Velásquez,Tobón,1978-05-05,+57 321 633 7524,2025-06-24,active,false
1110,CC,968724886,David,Jaramillo,López,1970-01-13,+57 351 067 3830,2024-06-22,active,false
1111,CC,1891750428,Maira,Prieto,Contreras,1998-05-17,+57 317 440 8926,2024-05-04,active,true
1112,CC,818442101,Fanny,Henao,Barrera,1996-05-07,+57 311 342 7086,2025-10-03,suspended,false
1113,CC,1160268553,Catalina,Parra,Caballero,1961-11-01,+57 312 699 0139,2023-05-23,active,false
1114,CC,1613910922,Amparo,Mejía,García,1959-06-07,+57 350 936 3854,2024-06-17,active,false
1115,CC,1645585748,Tatiana,Quintero,Ocampo,1954-08-28,+57 315 560 9320,2024-03-29,active,false
1116,CC,1082241761,Germán,Ospina,,1972-08-18,+57 319 772 5228,2024-07-18,active,false
1117,CC,895605559,William,Ramírez,Gómez,1999-10-12,+57 350 203 8750,2023-06-26,active,false
1118,CC,1560897067,Gonzalo,Jaramillo,Rodríguez,1990-05-09,+57 300 862 1182,2024-09-16,active,false
1119,CC,1507303585,Pilar,Arias,Hernández,1993-09-06,+57 324 016 6687,2023-07-22,active,true
1120,CC,1144213201,Nelly,Becerra,Duarte,1950-01-16,+57 310 974 0148,2024-05-22,active,true
1121,CC,175222006,Jhon,López,Beltrán,1988-11-15,+57 322 685 6218,2024-06-13,active,false
1122,CC,73620623,Fernanda,Gómez,Marín,1967-09-21,+57 319 358 6629,2025-08-17,active,true
1123,CC,341307093,Anderson,Valencia,Hernández,1960-07-22,+57 315 110 4754,2024-11-16,active,true
1124,CC,706708819,Margaritaa,Cifuentes,Jiménez,1952-07-24,+57 313 661 8398,2023-03-04,active,false
1125,CC,1690763786,Carmen,Arias,Torres,2003-08-07,+57 311 799 3712,2024-07-06,active,false
1126,CC,1408090994,Esther,Salazar,Duarte,1945-11-29,+57 314 937 5265,2024-10-14,active,false
1127,CC,1220859759,Graciela,Valencia,Castaño,1995-05-04,+57 325 807 3741,2024-02-10,active,false
1128,CC,819581623,Nelly,Mendoza,Cortés,2003-06-23,+57 322 688 6805,2025-10-15,active,false
1129,CC,1219506354,Miguel,Jiménez,Jaramillo,1945-07-17,+57 317 101 4388,2024-12-17,active,false
1130,CC,62747899,Ximena,Velásquez,Aristizábal,1977-12-15,+57 317 112 5457,2024-10-04,active,false
1131,CC,257143731,Paola,Murillo,Arango,2006-08-16,+57 325 238 2825,2024-12-04,active,false
1132,CC,1328784603,Leidy,Escobar,,1951-10-29,+57 322 660 3341,2025-08-15,active,false
1133,CC,1382475235,Gabriel,Giraldo,,1987-07-24,+57 322 155 7924,2025-04-20,inactive,false
1134,CC,908161637,Jhon,Vargas,Castro,1969-11-28,+57 317 278 2827,2025-04-02,active,false
1135,CC,1215988329,Pedro,Sánchez,García,1975-05-30,+57 325 767 7219,2025-05-24,active,false
1136,CC,1073677306,Lorena,Medina,Reyes,1972-05-21,+57 322 148 5807,2023-09-26,active,false
1137,CE,1559332,Janeth,Forrero,Mejía,1979-12-09,+57 310 959 6292,2024-06-06,active,false
1138,CC,631338402,Freddy,Suárez,Contreras,1971-09-24,+57 325 126 0422,2025-12-26,active,false
1139,CC,980644842,Reinaldo,Aristizábal,Ruiz,2003-12-22,+57 320 457 7590,2025-05-12,inactive,false
1140,CC,932651533,Olga,Gil,Cárdenas,1955-10-22,+57 312 545 8929,2025-11-16,inactive,false
1141,CC,1851792793,Reinaldo,Sánchez,,1997-06-26,+57 300 632 4241,2025-08-29,active,false
1142,CC,931766420,Edith,Reyes,,1966-12-23,+57 300 371 2938,2023-08-20,active,true
1143,CC,201837028,Deiby,Vargas,Peña,1961-12-16,+57 314 542 6221,2023-09-06,active,true
1144,CC,960012112,Manuel,Suárez,Escobar,1952-10-18,+57 303 219 6565,2023-08-03,active,false
1145,CC,1830834420,César,Carvajal,Palacio,1953-09-05,+57 320 983 6403,2024-04-02,active,true
1146,CC,1858583996,Nohora,Gómez,García,1954-04-22,+57 315 827 1091,2025-06-17,active,false
1147,CC,873884174,Jhonatan,Velásquez,Escobar,2002-05-09,+57 312 141 8328,2023-12-16,active,false
1148,CC,134352078,Henry,Bedoya,Zapata,1992-12-24,+57 303 799 0421,2025-07-15,active,true
1149,CC,1885741199,Nelly,Suárez,Palacio,1990-12-09,+57 314 648 1491,2023-04-08,active,false
1150,CC,257677029,Consuelo,Reyes,Parra,1993-05-22,+57 301 030 7562,2023-02-12,active,false
1151,CE,5467620,Yeimy,Hoyos,Galindo,1990-12-30,+57 303 802 3806,2025-03-11,active,false
1152,CC,1694716427,Beatriz,Giraldo,,1988-10-05,+57 315 973 8320,2025-09-14,inactive,true
1153,CC,521461008,Jario,Botero,Duarte,1981-05-31,+57 304 410 3865,2023-06-09,active,false
1154,CC,290693912,Ignacio,Mendoza,Velásquez,1992-09-10,+57 314 655 7431,2024-07-25,inactive,true
1155,CC,779416420,Camilo,Gutiérrez,,1946-10-24,+57 313 741 1249,2025-08-20,active,false
1156,CC,383378127,Diana,Hoyyos,Cárdenas,2006-07-15,+57 321 831 7121,2025-10-20,active,false
1157,CC,1268680442,Ricardo,Acosta,Bernal,1991-12-31,+57 302 372 1510,2023-03-23,inactive,true
1158,CC,1960568456,Alberto,Palacio,Martínez,1996-09-19,+57 318 209 9934,2024-09-02,active,false
1159,CC,1364534729,Diana,Castaño,Galindo,1956-05-04,+57 316 578 7598,2023-03-18,active,false
1160,CC,1022934508,Nohora,Medina,,1974-08-08,+57 305 133 4803,2024-05-28,active,false
1161,CC,1972757105,Nubia,Cruz,,1971-01-24,+57 322 929 3784,2025-01-27,active,true
1162,CC,1741828345,Irene,Medina,,1999-08-17,+57 314 002 9218,2024-02-05,inactive,false
1163,CC,948167709,Bibiana,Velásquez,Ríos,1957-06-02,+57 305 895 3926,2024-11-17,active,false
1164,NIT,808692676,Maira,Rodríguez,Prieto,1996-08-28,+57 324 917 2513,2024-05-04,active,false
1165,CC,545884921,José,Mesa,Tobón,1964-01-04,+57 312 100 6762,2025-01-24,inactive,false
1166,CC,1485665736,Elsa,Salazar,,1993-11-15,+57 302 040 5411,2025-08-19,active,false
1167,CE,619979,Juliana,Carvajal,Díaz,1980-11-14,+57 305 015 3368,2025-07-15,active,false
1168,CC,127048284,Milena,Mejía,Sánchez,1985-02-05,+57 302 497 3103,2025-07-01,active,false
1169,CC,1178501747,Sandra,Zapata,Molina,1983-11-05,+57 316 527 0477,2025-03-07,active,false
1170,CC,1634478785,Mauricio,Villegas,Morales,1970-10-14,+57 316 868 7937,2023-06-11,active,false
1171,CC,268303348,David,Londoño,Trujillo,1947-06-23,+57 305 332 0616,2024-01-27,active,false
1172,CC,863313354,Nohora,León,Tobón,1972-08-24,+57 320 709 9861,2024-08-25,active,true
1173,CE,5869167,Reinaldo,Morales,Lozano,1951-07-12,+57 316 799 7024,2024-07-31,active,false
1174,CE,439451,Víctor,Gonázlez,Duarte,1986-09-05,+57 312 713 2475,2024-11-04,active,false
1175,CE,1042977,Sergio,Murillo,Caicedo,1975-11-18,+57 313 862 8902,2023-06-21,active,false
1176,CC,1094750635,César,González,Quintero,1982-12-06,+57 311 579 7279,2023-04-10,active,false
1177,CC,1238914817,Raúl,Rangel,Díaz,1958-10-21,+57 324 334 6800,2024-05-05,active,true
1178,NIT,972534288,Yeimy,García,Franco,1990-07-06,+57 315 743 7489,2025-03-19,active,true
1179,CC,147089025,Edwin,Bernal,Contreras,1986-09-19,+57 312 443 2830,2024-12-03,active,false
1180,CC,843814037,Ediwn,Montoya,Palacio,1961-01-19,+57 314 387 5842,2024-03-01,active,false
1181,CC,403136288,Paola,Molina,,1947-08-20,+57 311 534 6554,2023-08-08,active,false
1182,CC,1872937245,Carolina,Gil,Vásquez,1964-07-26,+57 313 602 2356,2026-01-27,suspended,false
1183,CC,389727228,Pablo,Montoya,Flores,1988-01-09,+57 318 432 9271,2023-02-16,active,false
1184,NIT,886493429,Marisol,Echeverri,González,1959-05-12,+57 300 033 5421,2024-03-03,active,false
1185,CC,941288987,Xiomara,Pérez,Ospina,1951-12-01,+57 319 532 6033,2025-01-08,active,true
1186,CC,1892364194,Johan,Londoño,,1967-09-30,+57 323 090 1001,2026-02-06,active,false
1187,CC,1430913867,Antonio,Duque,,2001-05-16,+57 323 926 1891,2024-08-12,active,false
1188,CC,354399684,Irene,Acosta,Trujillo,2005-05-02,+57 310 753 0011,2024-09-21,active,false
1189,CC,990865799,Diana,Villamizar,,1945-09-08,+57 318 012 0455,2024-07-31,active,true
1190,CE,4601484,Daniel,García,Jaramillo,1951-12-22,+57 314 216 6746,2025-03-11,active,false
1191,CE,2774211,Yeimy,Reyes,,2001-07-08,+57 322 729 6590,2025-10-22,inactive,false
1192,CC,1416545030,Ricardo,Echeverri,Castro,1988-02-01,+57 351 993 5889,2026-01-16,active,false
1193,CE,1015467,Stella,Jaramillo,Pineda,2007-11-19,+57 319 721 7535,2026-01-21,suspended,true
1194,CC,199021207,Fanny,Salazar,Cortés,1953-05-27,+57 314 170 1660,2025-08-10,active,true
1195,CC,741978817,Irene,Vásquez,Villamizar,1985-01-10,+57 318 589 9757,2024-05-08,active,false
1196,CC,1936028958,Cecilia,Cárdenas,Ospina,1997-05-30,+57 350 614 9331,2023-11-21,inactive,false
1197,CC,1925027896,Soraya,Rivera,Jiménez,1979-06-18,+57 304 708 0869,2025-12-05,active,false
1198,CC,1311720341,Javier,Botero,Tobón,1951-08-27,+57 316 693 4654,2025-12-05,active,true
1199,CC,1198807353,Wendy,Rangel,Duque,1967-10-19,+57 310 945 2288,2024-03-24,active,false
1200,CC,1929562613,Pilar,Cifuentes,Prieto,1954-05-10,+57 317 081 0620,2024-09-14,active,false
1201,CC,1628330682,Jorge,Cardona,Ruiz,1974-01-21,+57 318 198 3863,2025-02-10,active,false
1202,CC,1481345766,Faber,Henao,,1987-05-01,+57 300 439 7359,2023-05-28,active,false
1203,CC,266310358,Sergio,Ospina,Bedoya,1984-01-18,+57 312 842 2940,2025-07-03,active,false
1204,CC,1239814467,Mónica,Giraldo,Escobar,1972-08-07,+57 350 583 2818,2023-07-06,active,false
1205,CC,1626315789,Stella,Medina,Jaramillo,1968-05-11,+57 321 015 7399,2025-10-06,active,true
1206,CC,815216266,Martín,Castro,Niño,1975-05-23,+57 319 043 5811,2025-08-07,active,false
1207,CE,7217053,Juan,Escobar,,1954-12-16,+57 321 612 0750,2024-04-03,active,true
1208,CC,878545512,Armando,Gómez,Aguilar,1980-08-29,+57 316 180 9190,2023-03-13,active,true
1209,CE,6499057,Camilo,Ospina,Mejía,1983-01-23,+57 305 832 6842,2025-10-04,active,false
1210,CC,20801495,Libardo,Caballero,García,1971-07-21,+57 313 353 6822,2023-07-31,active,false
1211,CE,9308193,Sandra,Flores,Lozano,1978-05-02,+57 313 141 3975,2023-07-06,active,false
1212,CC,1426098500,Milena,Vásquez,,1988-04-13,+57 322 955 6205,2023-12-16,active,false
1213,CC,966398962,Alberto,Castaño,Mendoza,1985-09-03,+57 321 129 1428,2025-10-31,active,false
1214,CC,1661844967,Libardo,Gómez,Londoño,1970-10-22,+57 321 488 7256,2023-04-23,active,false
1215,CC,522992618,Mateo,Mendoza,Villamizar,1953-11-14,+57 304 722 9927,2025-12-25,inactive,true
1216,CE,879091,Fabán,Torres,Aguilar,2005-08-25,+57 350 844 9892,2023-12-08,active,false
1217,CE,8268181,Alejandro,Trujillo,Medina,1957-06-05,+57 320 272 3184,2023-02-20,active,false
1218,CC,1038246621,Esmeralda,Vargas,Galindo,1977-10-22,+57 324 603 0299,2024-01-03,active,false
1219,NIT,960888808,Graciela,Ruiz,,1945-04-24,+57 351 413 7977,2023-03-17,active,false
1220,CC,1482295814,Jhonatan,Padilla,Flores,1986-06-20,+57 311 662 1038,2023-06-27,inactive,false
1221,CC,1693344214,Mónica,Franco,,1973-05-25,+57 302 729 8068,2023-10-05,active,false
1222,CC,1602131582,Jaime,Aguilar,Echeverri,1949-04-18,+57 317 247 3149,2023-08-26,inactive,false
1223,CC,451133291,Yuri,Rangel,Prieto,1963-08-30,+57 315 126 9448,2025-05-24,active,false
1224,CC,1210644851,Stephany,Velásquez,Caicedo,1972-06-04,+57 313 956 2137,2024-07-10,active,false
1225,CC,845593782,Aura,Rincón,Carvajal,1947-02-05,+57 304 796 1143,2023-08-12,active,false
1226,CE,3040561,Víctor,Marín,Cardona,1967-05-30,+57 300 384 3098,2025-07-25,active,false
1227,CC,867777322,Daniela,Quintero,Rodríguez,1985-07-19,+57 322 380 1184,2025-05-17,active,false
1228,CC,385884345,Esteban,Castaño,Rivera,1981-05-23,+57 321 184 5184,2023-09-13,inactive,false
1229,CC,1675585753,Faber,Murillo,Lozano,1978-06-17,+57 319 141 6335,2023-04-04,active,false
1230,CC,1200890275,Arley,León,Díaz,1948-11-07,+57 314 539 4237,2025-10-09,active,false
1231,CC,267437093,Tatiana,Herrera,Valencia,1949-12-28,+57 323 080 7595,2025-11-11,active,false
1232,CC,1620976495,Tomás,Sierra,,1971-12-04,+57 320 678 0856,2023-05-28,inactive,false
1233,CC,708868918,Claudia,Duue,Montoya,1984-09-27,+57 321 434 7955,2024-02-25,active,false
1234,CC,1246720211,Gina,Bernal,Rincón,1964-10-12,+57 351 438 6632,2023-08-30,active,false
1235,CC,1557391530,Laura,Cruz,Mendoza,1987-06-03,+57 312 890 6120,2024-10-13,active,false
1236,CE,4423737,Diego,Arango,León,1986-01-27,+57 303 593 9982,2025-05-30,suspended,false
1237,CC,1366591596,Aura,Sierra,Arango,1946-11-25,+57 324 569 9611,2024-01-16,active,false
1238,CC,789890549,Yolanda,Mesa,Caballero,1960-04-12,+57 318 622 0234,2026-01-08,inactive,false
1239,CC,66618210,Ángela,Velásquez,,1958-07-19,+57 302 149 2164,2026-01-15,active,false
1240,CC,1880239797,Luuz,Rojas,Reyes,1973-09-20,+57 304 829 9796,2025-08-06,active,false
1241,CC,661917882,Stella,Echeverri,Díaz,2007-12-31,+57 315 478 0774,2026-02-05,active,false
1242,CC,360618564,Fernanda,Rodríguez,Rivera,1962-07-23,+57 311 416 3894,2025-03-22,active,false
1243,CC,982310235,Harold,Rivera,Flores,1990-06-01,+57 314 020 8021,2024-02-26,active,true
1244,CC,1080296730,Lara,Aguilar,,1984-06-14,+57 314 120 4618,2023-04-12,active,false
1245,CC,961251381,Deiby,Salazar,Vargas,1993-01-20,+57 318 183 7645,2024-03-20,active,false
1246,CC,121857074,Hugo,Trujillo,,1952-10-18,+57 311 650 2491,2023-09-26,active,false
1247,CC,1083568329,Yeison,Botero,Contreras,2002-08-18,+57 301 528 1273,2023-06-09,active,false
1248,CC,1939864201,Esteban,Murillo,López,2005-06-03,+57 318 848 7392,2025-05-26,active,false
1249,CC,1769687936,Janeth,Contreras,Carvajal,1991-05-06,+57 318 086 2095,2025-02-27,active,false
1250,CC,1326491758,Edwin,Delgado,Rivera,1989-08-25,+57 324 511 8102,2025-05-26,active,true
1251,CC,1349966415,Martha,Morales,,1963-09-29,+57 315 391 0371,2023-05-18,active,false
1252,CC,1586897976,Derly,Galindo,Mesa,2003-09-05,+57 310 811 3863,2023-07-16,active,false
1253,CC,1458461748,Javier,Cifuentes,Galindo,1978-07-04,+57 305 286 8528,2023-09-08,suspended,false
1254,CC,1784154296,Esperanza,Carvajal,Giraldo,1961-08-25,+57 322 836 8457,2024-06-13,active,false
1255,CC,486498065,Simón,Contreras,,1994-08-30,+57 350 488 8992,2023-03-23,active,false
1256,CC,868560193,Tatiana,Quintero,Valencia,1971-10-19,+57 351 572 7919,2023-07-15,active,true
1257,CC,1873653103,Martín,Hernández,Duarte,2000-10-13,+57 324 604 8058,2023-03-02,active,false
1258,CC,203451673,Mauricio,Sánchez,Velásquez,1993-06-30,+57 316 225 1790,2024-09-22,active,false
1259,CC,1410692848,Lina,Duque,,1971-10-30,+57 311 314 6591,2026-01-15,active,false
1260,CC,1733991331,Maartha,Giraldo,Forero,1979-11-25,+57 301 335 2110,2025-07-28,active,false
1261,CC,58851202,Janeth,Cardona,,1986-10-23,+57 310 884 8792,2024-04-15,active,false
1262,CC,1337069250,Bibiana,Barrera,,1991-01-11,+57 324 016 4510,2025-09-16,active,false
1263,CC,199022945,Vanessa,Villamizar,Morales,1996-10-28,+57 318 800 3845,2025-11-28,active,false
1264,CC,1753526654,Stephany,Cárdenas,Mejía,2004-09-28,+57 300 843 2562,2025-04-09,active,false
1265,NIT,962502473,Jacobo,Escobar,Galindo,1986-06-23,+57 310 298 3248,2023-11-03,inactive,false
1266,CC,1554986735,Uriel,Ruiz,Lozano,2000-11-04,+57 304 056 6474,2024-11-18,active,false
1267,CC,508608201,Camila,Uribe,Marín,1994-01-24,+57 302 728 9752,2025-02-11,inactive,false
1268,CC,1451689709,Martha,Mediina,,1995-10-26,+57 305 797 5736,2023-06-22,active,true
1269,CC,1387382745,Martín,Palacio,Marín,1952-01-19,+57 303 770 3886,2026-01-08,suspended,true
1270,CC,1787302590,Lady,Escobar,Rivera,1989-06-15,+57 317 490 8277,2024-01-13,active,false
1271,CC,1277692828,Leonor,Duque,Velásquez,1950-10-27,+57 302 452 1117,2025-08-26,active,true
1272,CC,1969047929,Libardo,Villamizar,Ortiz,1986-04-24,+57 305 220 6447,2023-12-11,active,false
1273,CC,1905590089,Henrán,Rodríguez,Parra,1976-10-08,+57 322 776 7199,2024-04-26,active,false
1274,CC,1843584440,Hlena,Cifuentes,Herrera,2005-04-17,+57 314 101 6224,2024-12-18,active,false
1275,CE,1662399,Duván,Cifuentes,,1958-09-07,+57 315 616 8147,2024-11-29,active,false
1276,CC,1360721255,Gladys,Caicedo,Duque,1974-12-25,+57 351 946 9548,2025-10-24,active,false
1277,CC,1318688902,Jacobo,Lozano,Tobón,1993-09-11,+57 300 107 1396,2024-03-09,active,false
1278,CC,670936523,Jairo,Muñoz,,1988-05-23,+57 300 155 6990,2024-12-01,active,false
1279,CC,1925680659,Arnaldo,Echeverri,González,1952-05-08,+57 318 608 4958,2024-12-24,active,false
1280,CC,815823438,Anderson,Cárdenas,,1967-05-10,+57 322 962 9145,2024-01-12,active,false
1281,CC,1695654368,Alejandra,Bernal,Mejía,2005-10-26,+57 318 807 8235,2024-01-28,inactive,false
1282,CE,2326624,Yesid,Giraldo,,1995-01-20,+57 316 810 4091,2025-09-04,active,false
1283,CE,5483479,Ingrid,Jaramillo,López,1995-11-01,+57 312 857 1422,2024-09-15,active,true
1284,CE,4852443,Néstor,Jiménez,Suárez,1971-10-05,+57 302 495 8702,2024-01-23,active,false
1285,CE,7579891,Katherine,Sánchez,,1968-08-08,+57 314 381 7921,2024-11-07,active,false
1286,CE,2511249,Olga,Zapata,Mesa,1952-09-27,+57 316 255 7701,2025-02-20,active,false
1287,CC,1543889766,Ángela,Cardona,Franco,1957-12-14,+57 321 148 7696,2024-12-05,active,false
1288,CC,944914973,Elizabeth,Pineda,,1971-08-16,+57 305 197 1997,2024-06-04,active,true
1289,CC,823705215,Beatriz,Rincón,,1987-05-30,+57 302 329 0227,2023-06-12,active,false
1290,CC,1982467214,Hernán,Herrera,Montoya,1947-06-30,+57 302 909 8624,2025-01-12,active,false
1291,CC,937101977,Juan,Mesa,Cárdenas,1963-07-21,+57 350 666 6832,2024-11-19,active,false
1292,CC,164073347,Constanza,Galindo,,1967-01-30,+57 351 762 1267,2023-11-28,inactive,false
1293,CC,408983212,Pedro,Flores,Peña,1981-02-03,+57 351 384 6895,2025-11-23,active,true
1294,CC,1855441485,Ximena,Castro,Botero,1945-09-16,+57 320 189 1371,2025-09-16,active,false
1295,CC,1017668895,Jacobo,Sánchez,Delgado,1971-08-22,+57 315 442 0949,2025-06-18,active,false
1296,CC,187189244,Wilmer,Sánchez,Ospina,1999-05-25,+57 312 429 4440,2023-07-14,active,false
1297,CC,1051354590,Lisandro,Gutiérrez,Bernal,1996-05-12,+57 314 129 2766,2023-04-15,active,false
1298,CC,122792716,Iván,Prieto,Suárez,1997-06-14,+57 319 478 3667,2025-05-03,active,false
1299,CC,1980771809,Milena,Arango,Montoya,1973-08-09,+57 323 454 4149,2025-07-10,active,false
1300,PA,IA80014,Libardo,Aristizábal,Rivera,1993-09-14,+57 310 009 1093,2024-07-06,suspended,false
1301,CC,1734858998,Fernando,Díaz,Rojas,1946-11-05,+57 350 244 7174,2023-09-22,active,false
1302,CC,138974969,Uriel,Giraldo,Gómez,1991-09-25,+57 318 173 9627,2024-02-06,active,false
1303,CC,161209323,Dora,Caballero,,1971-10-02,+57 300 720 0642,2025-08-08,active,false
1304,CC,1754348679,Néstor,Mesa,Sierra,1958-01-02,+57 300 671 9855,2024-05-14,active,false
1305,CC,1401123964,William,Díaz,Ríos,1995-11-09,+57 316 346 1571,2023-04-28,inactive,false
1306,CC,1712394401,Daniela,Rivera,,1973-09-02,+57 321 700 5050,2025-11-26,active,false
1307,CE,718704,Rubén,Bermúdez,Delgado,1960-11-26,+57 324 079 0320,2025-11-04,active,true
1308,CC,255199000,Dayana,Morales,Reyes,1976-10-17,+57 310 656 5198,2023-06-16,active,false
1309,CC,370886451,Reinaldo,Pérez,Duarte,1963-08-02,+57 318 390 2196,2024-01-10,active,true
1310,CE,7083050,María,Rodríguez,,1963-06-09,+57 310 248 7632,2023-10-24,active,true
1311,CC,1207673970,Nelly,Marín,Escobar,1992-10-31,+57 320 195 8837,2023-10-05,active,false
1312,CC,353081112,Martha,Castro,Bedoya,1966-01-15,+57 324 543 6459,2023-05-28,active,false
1313,CC,1932167892,Yasmín,Sanchez,Cruz,1992-06-24,+57 317 353 1531,2024-12-05,active,false
1314,CC,1318748590,Gabriela,Gómez,Sierra,1978-11-08,+57 315 273 5435,2025-04-10,active,false
1315,CC,643854522,Patricia,Castro,Bermúdez,1969-11-18,+57 322 831 6873,2024-01-21,active,false
1316,CC,1280819899,Maira,Peña,Valencia,1947-11-23,+57 317 007 8068,2023-02-17,active,false
1317,CC,645205105,Diego,Aarngo,Hernández,1992-12-22,+57 319 427 9907,2023-03-11,active,true
1318,CC,1928635844,Gustavo,Bernal,Mesa,1963-08-21,+57 301 464 9893,2026-01-29,active,true
1319,CC,1009337685,Lisandro,Ramírez,Aristizábal,1969-01-17,+57 315 281 8325,2025-02-24,active,true
1320,CC,767442541,Gina,Padilla,Duque,1950-09-24,+57 325 640 1557,2025-12-04,active,false
1321,CC,1455914646,Yuri,Delgado,Delgado,1948-01-05,+57 318 116 2411,2024-02-27,active,true
1322,CC,754533105,Móncia,Herrera,Escobar,1981-06-24,+57 313 310 3856,2023-03-22,active,false
1323,CC,293369595,Rodrigo,Beltrán,Barrera,1950-09-04,+57 312 375 4025,2024-01-24,active,false
1324,CC,1440988541,Jorge,Hoyos,Flores,1957-11-20,+57 311 105 9274,2024-01-03,active,false
1325,CC,657594676,Nelson,Montoya,Ruiz,2001-01-25,+57 319 275 2088,2025-05-15,active,false
1326,CC,1990607214,Yolanda,Villegas,Prieto,1979-08-18,+57 351 702 8140,2023-09-25,active,false
1327,CC,1657324235,Diana,Giraldo,,1990-10-30,+57 302 871 8637,2023-03-25,active,false
1328,CC,621282015,Nelson,Quintero,Hoyos,1985-08-11,+57 318 813 7674,2024-10-29,active,false
1329,CC,1029223933,Libardo,Galindo,,1952-05-14,+57 302 961 0646,2024-12-24,active,false
1330,CC,1784354720,Eduardo,Acosta,,1988-04-13,+57 319 873 0024,2024-10-21,active,false
1331,CC,535597196,Fernando,Forero,Cardona,2006-12-08,+57 312 719 5979,2026-01-02,active,false
1332,CC,135650121,Faber,Vargas,Tobón,1998-08-28,+57 350 252 0456,2025-09-08,active,false
1333,CC,212955777,Yolanda,Barrera,Gómez,1969-11-13,+57 314 445 1895,2024-11-28,active,true
1334,CC,414621953,Rafael,Sierra,Ortiz,1957-04-26,+57 321 816 7112,2026-01-18,inactive,false
1335,CC,664304469,Constanza,Mendoza,Contreras,2006-12-09,+57 304 234 2321,2025-03-31,active,false
1336,CC,1017346671,Andrea,Echeverri,Pérez,2000-09-30,+57 302 401 1939,2023-05-06,inactive,false
1337,CC,1085104216,Diana,Ruiz,Castaño,1958-10-07,+57 322 119 0833,2025-12-07,suspended,false
1338,CC,796973358,Juan,Palacio,,1963-11-05,+57 325 125 6638,2025-07-26,active,true
1339,CC,1206432120,Fernando,Navarro,,1962-01-17,+57 314 716 4794,2023-07-25,active,false
1340,CC,1031508141,Yesenia,Ospina,Peña,1947-08-03,+57 300 716 7811,2024-02-09,active,false
1341,CC,1287668651,Camilo,Álvarez,Reyes,1953-07-15,+57 311 674 9946,2023-10-16,active,false
1342,CC,1359416510,Rodrigo,Villamizar,Bermúdez,1947-12-01,+57 303 017 0269,2023-04-08,active,false
1343,CC,443645138,Diego,Uribe,,1989-05-28,+57 320 485 8800,2025-11-07,suspended,false
1344,CC,1683711106,Angélica,Montoya,Murillo,1988-11-14,+57 317 246 7197,2025-11-09,active,false
1345,CC,821314388,Antonio,Cifuentes,Londoño,1968-08-10,+57 314 009 0255,2024-09-11,active,false
1346,CC,1430002097,Emiro,Ríos,Peña,1992-10-03,+57 324 491 1415,2024-06-01,active,false
1347,CC,689709346,Bibiana,Peña,Galindo,1983-04-21,+57 314 917 1357,2025-04-16,active,false
1348,NIT,820218875,Dora,Mejía,Becerra,1954-05-09,+57 313 404 9639,2024-04-20,active,true
1349,CC,755856470,Diego,Beltrán,Torres,1957-12-29,+57 320 468 5366,2024-10-17,active,false
1350,CC,467312668,Hugo,Flores,Escobar,1965-06-12,+57 324 896 9083,2024-08-08,active,true
1351,CE,3515137,Stephany,Uribe,Becerra,1953-07-10,+57 313 249 3631,2024-08-06,active,true
1352,CC,595644481,Brayan,Navarro,Becerra,2000-01-24,+57 312 820 7001,2024-07-20,active,false
1353,CC,516894521,Yesenia,Quintero,Díaz,2000-04-20,+57 303 898 4713,2025-11-27,active,false
1354,CC,239381348,Janeth,Padilla,Rangel,1996-10-20,+57 318 649 0785,2024-08-22,active,true
1355,CC,1546892268,Antonio,Bedoya,Castaño,1984-09-02,+57 324 900 3486,2023-03-22,active,false
1356,CC,1963757208,Nayibe,Bedoya,,1946-07-21,+57 313 134 3275,2024-07-14,inactive,false
1357,CC,1550574745,Daniela,Castaño,Sierra,1980-12-17,+57 350 481 5698,2024-01-01,active,false
1358,CC,439658472,Carolina,Caballero,Escobar,1967-09-04,+57 322 112 3829,2024-11-10,active,false
1359,CC,615155167,Elizabeth,Álvarez,,1995-12-26,+57 315 266 9300,2025-06-04,inactive,false
1360,CC,931062960,José,Navarro,,1969-09-26,+57 302 529 1086,2023-12-09,active,false
1361,CC,628393627,Bernardo,Vargas,Herrera,1960-05-29,+57 304 639 3436,2025-03-30,active,false
1362,CC,32162544,Tatiana,Cortés,Valencia,1977-11-30,+57 350 636 6941,2024-11-30,active,true
1363,CC,1616837116,Alejandra,Molina,Franco,1957-01-14,+57 312 896 4652,2023-02-17,suspended,false
1364,CC,1149076438,Raúl,Reyes,Ríos,1980-11-26,+57 303 502 7456,2024-07-24,active,false
1365,PA,TD6410141,Reinaldo,León,Becerra,1978-06-29,+57 319 075 8777,2023-10-02,active,false
1366,CC,595815397,Stella,Díaz,Cardona,1971-04-14,+57 322 089 2613,2024-04-16,active,false
1367,CE,1879557,Luis,Cardona,Bedoya,1954-08-26,+57 300 177 7490,2023-12-18,active,true
1368,CC,1863877211,Ramón,Giraldo,Tobón,2004-09-15,+57 301 189 6164,2024-11-29,active,false
1369,CC,1414592395,José,López,Ortiz,1998-12-08,+57 319 649 2515,2024-10-10,active,false
1370,CC,410196096,Antonio,Arias,Peña,1980-07-03,+57 301 857 3278,2023-08-16,active,false
1371,CC,655122667,Lina,Hernández,Echeverri,1954-10-03,+57 317 490 8108,2026-01-13,active,false
1372,CC,44936754,Bibiana,Palacio,Parra,2000-06-15,+57 305 601 6459,2024-02-09,active,false
1373,PA,GR501146,Nayibe,León,Flores,1952-06-02,+57 323 956 4122,2024-10-19,active,true
1374,CC,1852947609,Martha,Martínez,Forero,1957-05-07,+57 302 472 7601,2024-03-03,active,false
1375,CC,1791231950,Rodrigo,Molina,,1954-07-22,+57 314 016 6799,2023-05-22,active,false
1376,CC,1057760485,Leidy,Sierra,Palacio,1994-01-06,+57 300 695 8146,2026-01-23,inactive,true
1377,CC,508437638,Williaam,Suárez,Becerra,1975-10-18,+57 323 724 6657,2025-01-01,active,false
1378,CC,1066960830,Simón,Botero,Henao,2001-07-09,+57 313 338 0054,2025-11-14,active,false
1379,CC,491241720,Ignacio,González,Ríos,1976-09-27,+57 315 084 2891,2025-01-03,active,false
1380,CC,228759940,Olga,Villegas,,1955-04-26,+57 320 121 3524,2023-05-03,active,false
1381,CC,902815975,Paola,Gutiérrez,Duarte,1959-02-04,+57 319 548 2145,2024-06-23,active,false
1382,CC,897789963,César,Gutiérrez,Barrera,1949-07-12,+57 320 507 2081,2025-09-03,active,false
1383,CC,1948127892,Oscar,Becerra,,1972-01-09,+57 313 668 4550,2026-01-06,active,false
1384,CC,1410238977,Pablo,Duque,Caballero,1979-08-15,+57 310 410 8562,2025-05-15,active,false
1385,CC,1720682681,Aura,Carvajal,Ríos,1973-09-27,+57 313 681 0548,2024-06-15,active,true
1386,PA,OX6822685,Fernnando,Arango,Álvarez,1999-07-29,+57 351 315 8935,2026-01-06,active,true
1387,CC,177659839,Yesenia,Hernández,,1984-05-13,+57 322 886 4976,2025-05-11,suspended,false
1388,CC,1522955241,Libardo,Galindo,Ruiz,1975-05-13,+57 350 377 0285,2023-10-06,inactive,true
1389,PA,HM15088,Ncolás,Vargas,Ospina,1994-11-06,+57 300 185 1067,2025-11-04,active,false
1390,CC,1376788009,Duván,Salazar,Palacio,1978-06-22,+57 304 519 9663,2025-08-14,inactive,false
1391,CC,1363149220,Yuliana,Murillo,Caballero,1957-09-01,+57 324 813 9890,2023-10-18,suspended,false
1392,CC,1699547895,Ignacio,López,,1994-10-05,+57 302 895 6907,2025-08-04,inactive,true
1393,NIT,945432767,Johanna,Martínez,Montoya,1997-09-13,+57 305 412 4620,2023-11-28,active,false
1394,CC,1787561104,Valentina,Mejía,Montoya,1950-12-08,+57 310 399 3788,2023-05-24,active,true
1395,NIT,981220086,Tresa,Carvajal,Echeverri,2001-10-03,+57 313 967 1832,2023-10-22,active,false
1396,CC,369449409,Alfredo,Pñea,Cifuentes,2008-01-08,+57 319 494 6539,2026-02-05,active,false
1397,CC,1567084093,Inés,Lozano,,1972-09-16,+57 310 985 5474,2025-07-10,active,false
1398,CC,19189607,Olga,Contreras,Botero,1951-02-03,+57 317 876 8118,2024-01-28,active,false
1399,CC,1659194094,Arnaldo,Vargas,Salazar,1957-02-02,+57 318 537 0304,2023-10-20,active,false
1400,NIT,809877362,Zulay,Marín,Hoyos,1990-05-31,+57 300 361 4987,2024-04-10,active,false
1401,CC,567539312,Arnaldo,Bedoya,Cruz,1948-04-21,+57 320 430 8948,2024-05-18,inactive,true
1402,PA,HR450709,Karen,Forero,,1973-06-22,+57 300 635 1903,2024-11-15,suspended,false
1403,CC,1040720044,Catalina,Acosta,,1981-01-25,+57 312 317 3505,2024-12-22,active,false
1404,CC,140324219,Nohora,Vásquez,Morales,1950-01-20,+57 314 120 7049,2025-03-20,active,true
1405,CC,1866677310,Armando,Sánchez,Salazar,1970-02-01,+57 316 769 9150,2025-08-23,active,false
1406,CE,2213620,Marcela,García,Torres,1967-05-23,+57 315 679 7232,2024-07-15,active,true
1407,CC,322726638,Lina,Villamizar,Villegas,1998-06-12,+57 323 545 0892,2024-10-31,active,false
1408,CC,416637995,Sebastián,Peña,Acosta,1965-06-08,+57 323 599 5946,2025-09-21,active,true
1409,CC,467711469,Daniel,Ocampo,Rodríguez,1992-06-05,+57 351 636 2050,2024-12-16,active,true
1410,CC,73749280,Yolanda,Murillo,,1995-10-29,+57 305 342 5832,2024-09-10,active,false
1411,CC,461481333,Paola,López,Mendoza,1988-06-18,+57 315 528 9611,2024-06-12,active,false
1412,CC,1987861635,Sergio,Delgado,Bernal,2005-04-12,+57 321 425 3042,2024-05-03,inactive,false
1413,CC,1102239828,Iván,Tobón,,1983-05-23,+57 319 872 5587,2025-03-14,active,false
1414,CE,7684644,Leidy,Gil,Padilla,1952-10-09,+57 310 466 9254,2025-04-27,active,true
1415,CC,1014058097,Sara,Trujillo,Padilla,1980-07-12,+57 319 546 0273,2025-02-28,active,true
1416,CC,264665541,Mateo,Londoño,Caballero,2003-08-07,+57 321 353 5444,2023-04-26,active,false
1417,CC,877177822,Ginna,Hoyos,León,1947-07-15,+57 319 826 3337,2023-03-03,active,false
1418,CC,1663843866,Francisco,Palacio,Ríos,1947-07-09,+57 318 780 5292,2024-04-11,active,false
1419,CC,1492877418,Bibiana,Cárdenas,Galindo,1973-09-06,+57 322 090 2259,2024-12-05,active,false
1420,CC,716181455,Emilio,Salazar,Velásquez,1971-06-21,+57 302 218 2097,2024-10-22,active,false
1421,CC,1123538318,Samuel,Cardona,Ospina,2007-11-12,+57 317 621 2867,2025-12-22,active,false
1422,CC,1306456171,Iván,Rojas,Zapata,1971-09-02,+57 320 743 0271,2024-03-28,active,false
1423,CC,1901920363,Amparo,lozano,Bermúdez,1949-06-18,+57 350 469 2632,2025-01-17,inactive,false
1424,CC,1879469538,Bibiana,Flores,Morales,1997-09-19,+57 325 137 6815,2024-09-26,active,true
1425,CC,1501396718,Stiven,caicedo,Parra,1964-06-15,+57 314 636 0041,2025-03-28,active,true
1426,NIT,837649618,Francisco,Sierra,Hernández,1977-09-17,+57 305 091 2418,2024-01-03,active,false
1427,CC,1459646232,Carlos,Aristizábal,Murillo,1973-10-19,+57 350 081 6470,2025-07-31,active,true
1428,PA,IE0908670,Sofía,valencia,Cortés,1975-12-14,+57 314 839 3866,2024-12-07,active,false
1429,CC,607983193,Glora,García,Montoya,1966-08-03,+57 302 364 9718,2023-05-07,active,false
1430,NIT,986219245,Héctor,Morales,Escobar,1999-08-21,+57 324 571 5099,2024-02-01,active,false
1431,CE,5281620,Ignacio,Beltrán,García,1992-07-02,+57 323 102 5743,2024-06-19,active,false
1432,CC,1392124923,Ivonne,Contreras,Murillo,1958-01-17,+57 317 403 5533,2026-01-08,active,false
1433,CC,959962778,César,Bedoya,Medina,1968-02-04,+57 319 130 2321,2023-06-19,active,false
1434,CC,535972350,Iván,Cortés,Peña,1980-11-08,+57 313 497 3471,2024-06-30,suspended,false
1435,CC,1714154116,Luisa,Murillo,Marín,1978-01-27,+57 317 149 8282,2025-03-29,active,false
1436,CC,1977378354,Vanessa,Cifuentes,Gómez,1996-02-05,+57 320 576 6656,2023-03-05,active,false
1437,CC,946942689,Harold,González,Vargas,1946-09-30,+57 320 750 6633,2025-01-20,active,false
1438,CC,1472579148,Yuri,Aristizábal,,1998-09-30,+57 323 920 1166,2024-06-27,active,false
1439,CC,1155041102,Martha,Peña,,1965-07-26,+57 351 611 9524,2024-10-29,active,false
1440,CC,905162079,beatriz,Rodríguez,Sierra,1966-09-13,+57 305 252 2372,2025-07-08,active,true
1441,CC,1947617129,Roberto,Flores,Rangel,1952-07-12,+57 324 912 1416,2025-07-28,active,true
1442,CC,25519129,Alejandra,Echeverri,Uribe,1965-04-14,+57 303 380 6984,2023-05-03,inactive,false
1443,CE,6785239,Marisol,Ríos,Ríos,1984-01-09,+57 314 107 6209,2025-02-05,active,false
1444,CC,1427829726,Olmedo,Valencia,Vásquez,1996-02-06,+57 300 505 7397,2024-11-27,active,false
1445,CC,428924560,Marisol,Molina,Duque,1962-11-26,+57 322 802 7148,2026-01-07,suspended,false
1446,CE,1600416,Nicolás,Echeverri,Cortés,2001-06-29,+57 305 564 3471,2023-04-07,active,false
1447,CC,1299949247,Rodrigo,Díaz,Duarte,2003-08-16,+57 350 686 3341,2025-03-20,active,true
1448,CC,826462772,Marina,Rivera,Castro,1972-02-07,+57 301 983 6655,2024-11-04,active,false
1449,CC,320742573,Bibiana,Franco,Jiménez,1955-09-09,+57 319 729 4209,2024-04-30,active,false
1450,CC,818975626,Tomás,Mesa,Escobar,2004-08-20,+57 350 330 2764,2023-12-16,suspended,false
1451,CC,849801612,Andrés,Carvajal,Peña,2003-05-13,+57 313 386 1259,2024-09-08,inactive,true
1452,CC,321004778,Cristian,Bermúdez,Prieto,1994-10-19,+57 351 059 1266,2024-03-13,active,false
1453,CC,1284300459,Pilar,Molina,,1980-11-22,+57 311 013 6749,2025-05-14,suspended,false
1454,CC,1412726605,Angie,Henao,Navarro,1979-08-03,+57 303 111 7830,2023-03-02,active,false
1455,PA,SH00971,Angie,Rangel,,1956-01-28,+57 321 887 1898,2025-04-23,active,false
1456,CC,1201255928,Gina,Herrera,Vargas,1979-08-31,+57 301 293 2184,2023-10-16,inactive,true
1457,CC,543299837,Ignacio,Mejía,Niño,1989-01-14,+57 313 872 9758,2026-01-05,inactive,false
1458,CC,653620669,Néstor,Herrera,Jaramillo,1953-10-19,+57 323 839 5429,2023-11-08,active,false
1459,CE,2503234,Edith,Ortiz,Hernández,1973-10-25,+57 324 435 9892,2023-07-01,active,false
1460,CC,246202001,Alberto,Salazar,,1964-05-02,+57 302 515 5423,2025-05-20,active,true
1461,CC,1773821197,Mario,Salazar,Vargas,1956-06-01,+57 320 594 8491,2023-08-21,inactive,false
1462,CC,1904125982,Samuel,Flores,Álvarez,1953-07-15,+57 322 240 8222,2025-10-10,active,false
1463,CC,993089216,Ivonne,Gil,Mesa,1996-06-27,+57 318 844 6834,2025-01-31,active,true
1464,CE,2870138,Ingrid,Montoya,Gil,1972-01-09,+57 351 487 0682,2023-07-30,active,false
1465,CC,1619899669,Afredo,Duque,,1985-10-04,+57 325 909 7283,2026-01-23,active,false
1466,CC,1468277068,Pilar,Sánchez,Salazar,1992-05-06,+57 313 474 4309,2023-10-06,active,false
1467,CC,133473291,William,Villamizar,González,1986-02-03,+57 314 451 0526,2025-09-06,active,true
1468,CC,1662376146,Natalia,Barrera,Gutiérrez,1965-10-01,+57 319 654 5628,2024-05-15,active,true
1469,CC,1879414725,Nubia,Murillo,,1962-10-29,+57 310 402 6650,2023-09-21,active,false
1470,CC,283662415,Yuliana,Arias,,1987-07-18,+57 351 621 1022,2025-11-30,active,true
1471,CC,631624855,Sebastián,Aristizábal,Peña,1989-06-03,+57 317 392 8234,2023-07-26,active,false
1472,CC,1578643853,César,Henao,Acosta,1975-11-07,+57 322 231 2604,2024-02-28,suspended,false
1473,CC,1370022808,Dora,Acosta,,1945-10-11,+57 314 670 8604,2024-05-06,active,false
1474,CC,611637629,Ferney,Gaalindo,Sánchez,1949-12-17,+57 305 475 5411,2025-07-08,active,false
1475,CC,521642740,Ricardo,Duarte,Quintero,1966-09-19,+57 322 611 2910,2024-04-12,active,false
1476,CC,1567678678,Sergio,Rivera,Morales,1977-10-26,+57 351 202 3684,2026-02-03,inactive,false
1477,CC,1046849378,Armando,Suárez,Arango,1981-05-14,+57 300 294 2409,2025-12-04,active,false
1478,CC,1622175655,Zulay,Velásquez,Delgado,1975-07-26,+57 316 943 2029,2025-04-16,active,false
1479,CE,5072157,Jhonatan,Villamizar,Mesa,1962-09-23,+57 305 308 3402,2023-10-08,inactive,false
1480,CC,1402955605,Dayana,Sánchez,Valencia,1985-08-02,+57 302 842 6945,2024-12-02,suspended,false
1481,CC,1873977013,Pilar,Medina,Castaño,1958-04-15,+57 351 649 8373,2023-09-12,active,false
1482,CC,1947391335,Olmedo,Velásquez,,1977-12-21,+57 305 722 3972,2025-11-18,active,true
1483,CC,1962344067,Gloria,Velásquez,Rivera,1966-07-16,+57 351 820 9166,2023-08-31,active,false
1484,CE,326440,William,Pérez,,1958-02-02,+57 321 513 2797,2023-09-12,active,false
1485,CC,230794193,Catalina,Ramírez,Arias,1973-09-08,+57 320 620 3036,2023-09-05,active,false
1486,CC,246514524,Stephany,Pineda,Hoyos,1993-12-16,+57 315 195 1510,2024-09-06,active,false
1487,CC,626339728,Ander,Flores,Gutiérrez,1985-12-15,+57 319 541 0225,2024-08-15,active,false
1488,CC,703751912,Gonzalo,Torres,,1999-11-06,+57 315 576 7695,2025-04-05,active,false
1489,CC,835980739,Samuel,Galindo,Delgado,2002-04-16,+57 320 931 3503,2025-06-19,suspended,true
1490,CE,2437892,Eduardo,Castro,,1989-06-16,+57 321 633 3021,2023-11-29,suspended,false
1491,CC,1033977259,Camila,Duque,Bernal,1954-11-19,+57 304 521 3109,2023-04-09,active,false
1492,CC,1561680254,Antonio,Rangel,,1986-06-25,+57 313 120 0928,2023-03-06,active,false
1493,CC,919824946,Olga,Carvajal,León,1948-11-18,+57 302 862 3690,2024-08-16,active,false
1494,CC,1786513744,Armando,Franco,Botero,1983-11-15,+57 315 634 1115,2023-05-29,active,false
1495,CC,1380929843,Milena,Orrtiz,Torres,1949-01-21,+57 312 199 0970,2024-06-13,active,true
1496,CC,774154763,Pilar,Villegas,Velásquez,1945-12-02,+57 314 681 8209,2023-08-25,active,false
1497,CC,1552886921,David,Ospina,,1993-10-19,+57 350 288 9857,2023-11-22,active,false
1498,CC,171057596,Lina,Pérez,Bedoya,1946-11-21,+57 303 024 8171,2025-11-21,active,false
1499,CC,563930724,Ana,Castaño,Cárdenas,1977-09-28,+57 324 219 7054,2025-07-31,active,false
1500,CC,1096503093,Ricardo,Murillo,Vásquez,1979-09-26,+57 323 038 0214,2023-05-05,active,false
